"Date","CumulativeRainfall","CumNet","Plot.No","Irrigated.After","Mean.VWC"
"07/01/22",3.64,-4.92,101,"No",0.401822917
"07/01/22",3.64,-4.92,102,"No",0.364625
"07/01/22",3.64,-4.92,103,"No",0.36990625
"07/01/22",3.64,-4.92,104,"No",0.34903125
"07/01/22",3.64,-4.92,105,"No",0.316385417
"07/01/22",3.64,-4.92,106,"No",0.31484375
"07/01/22",3.64,-4.92,201,"No",0.405770833
"07/01/22",3.64,-4.92,202,"No",0.361760417
"07/01/22",3.64,-4.92,203,"No",0.36371875
"07/01/22",3.64,-4.92,204,"No",0.368479167
"07/01/22",3.64,-4.92,205,"No",0.361447917
"07/04/22",4.24,-4.69,101,"No",0.40796875
"07/04/22",4.24,-4.69,102,"No",0.363479167
"07/04/22",4.24,-4.69,103,"No",0.370135417
"07/04/22",4.24,-4.69,104,"No",0.350572917
"07/04/22",4.24,-4.69,105,"No",0.316166667
"07/04/22",4.24,-4.69,106,"No",0.314229167
"07/04/22",4.24,-4.69,201,"No",0.406552083
"07/04/22",4.24,-4.69,202,"No",0.36375
"07/04/22",4.24,-4.69,203,"No",0.363885417
"07/04/22",4.24,-4.69,204,"No",0.368958333
"07/04/22",4.24,-4.69,205,"No",0.359729167
"07/04/22",4.24,-4.69,206,"No",0.367447917
"07/04/22",4.24,-4.69,301,"No",0.411479167
"07/04/22",4.24,-4.69,302,"No",0.388583333
"07/04/22",4.24,-4.69,303,"No",0.392479167
"07/04/22",4.24,-4.69,304,"No",0.379375
"07/04/22",4.24,-4.69,305,"No",0.371052083
"07/04/22",4.24,-4.69,306,"No",0.387052083
"07/04/22",4.24,-4.69,401,"No",0.406677083
"07/04/22",4.24,-4.69,402,"No",0.403625
"07/04/22",4.24,-4.69,403,"No",0.378947917
"07/04/22",4.24,-4.69,404,"No",0.3631875
"07/04/22",4.24,-4.69,405,"No",0.3766875
"07/04/22",4.24,-4.69,406,"No",0.382479167
"07/04/22",4.24,-4.69,501,"No",0.402947917
"07/04/22",4.24,-4.69,502,"No",0.408875
"07/04/22",4.24,-4.69,503,"No",0.386333333
"07/04/22",4.24,-4.69,504,"No",0.394875
"07/04/22",4.24,-4.69,505,"No",0.381260417
"07/04/22",4.24,-4.69,506,"No",0.381708333
"07/06/22",4.24,-4.97,101,"No",0.388322917
"07/06/22",4.24,-4.97,102,"No",0.342458333
"07/06/22",4.24,-4.97,103,"No",0.348135417
"07/06/22",4.24,-4.97,104,"Yes",0.339875
"07/06/22",4.24,-4.97,105,"No",0.284489583
"07/06/22",4.24,-4.97,106,"No",0.283020833
"07/06/22",4.24,-4.97,201,"No",0.390604167
"07/06/22",4.24,-4.97,202,"No",0.341052083
"07/06/22",4.24,-4.97,203,"No",0.334666667
"07/06/22",4.24,-4.97,204,"No",0.337072917
"07/06/22",4.24,-4.97,205,"No",0.33765625
"07/06/22",4.24,-4.97,206,"No",0.346947917
"07/06/22",4.24,-4.97,301,"No",0.392677083
"07/06/22",4.24,-4.97,302,"No",0.367489583
"07/06/22",4.24,-4.97,304,"No",0.357989583
"07/06/22",4.24,-4.97,305,"No",0.345802083
"07/06/22",4.24,-4.97,306,"No",0.367291667
"07/06/22",4.24,-4.97,401,"No",0.38975
"07/06/22",4.24,-4.97,402,"No",0.386541667
"07/06/22",4.24,-4.97,403,"No",0.357791667
"07/06/22",4.24,-4.97,404,"No",0.340697917
"07/06/22",4.24,-4.97,405,"No",0.35490625
"07/06/22",4.24,-4.97,406,"No",0.361114583
"07/06/22",4.24,-4.97,501,"No",0.3895
"07/06/22",4.24,-4.97,502,"No",0.391822917
"07/06/22",4.24,-4.97,503,"No",0.363229167
"07/06/22",4.24,-4.97,504,"No",0.376802083
"07/06/22",4.24,-4.97,505,"No",0.36359375
"07/06/22",4.24,-4.97,506,"No",0.365177083
"07/07/22",4.27,-5.06,305,"Yes",0.350447917
"07/08/22",4.35,-5.13,101,"No",0.384
"07/08/22",4.35,-5.13,102,"No",0.335083333
"07/08/22",4.35,-5.13,103,"No",0.3405625
"07/08/22",4.35,-5.13,104,"No",0.338229167
"07/08/22",4.35,-5.13,105,"No",0.277260417
"07/08/22",4.35,-5.13,106,"No",0.27071875
"07/08/22",4.35,-5.13,201,"No",0.386239583
"07/08/22",4.35,-5.13,202,"No",0.336802083
"07/08/22",4.35,-5.13,203,"No",0.324260417
"07/08/22",4.35,-5.13,204,"No",0.3288125
"07/08/22",4.35,-5.13,205,"No",0.329125
"07/08/22",4.35,-5.13,206,"No",0.336260417
"07/08/22",4.35,-5.13,301,"No",0.383572917
"07/08/22",4.35,-5.13,302,"No",0.357385417
"07/08/22",4.35,-5.13,303,"No",0.363979167
"07/08/22",4.35,-5.13,304,"No",0.352479167
"07/08/22",4.35,-5.13,305,"No",0.373354167
"07/08/22",4.35,-5.13,306,"No",0.363125
"07/08/22",4.35,-5.13,401,"No",0.3841875
"07/08/22",4.35,-5.13,402,"No",0.376958333
"07/08/22",4.35,-5.13,403,"No",0.350145833
"07/08/22",4.35,-5.13,404,"No",0.336510417
"07/08/22",4.35,-5.13,405,"No",0.348427083
"07/08/22",4.35,-5.13,406,"No",0.354260417
"07/08/22",4.35,-5.13,501,"No",0.38325
"07/08/22",4.35,-5.13,502,"No",0.388583333
"07/08/22",4.35,-5.13,503,"No",0.35309375
"07/08/22",4.35,-5.13,504,"No",0.373541667
"07/08/22",4.35,-5.13,505,"No",0.361708333
"07/08/22",4.35,-5.13,506,"No",0.368895833
"07/09/22",4.35,-5.32,104,"Yes",0.3369375
"07/10/22",4.46,-5.32,104,"Yes",0.35140625
"07/10/22",4.46,-5.32,303,"Yes",0.348291667
"07/10/22",4.46,-5.32,305,"Yes",0.354020833
"07/10/22",4.46,-5.32,505,"Yes",0.332604167
"07/11/22",4.46,-5.49,101,"No",0.3394375
"07/11/22",4.46,-5.49,102,"No",0.303447917
"07/11/22",4.46,-5.49,103,"No",0.30196875
"07/11/22",4.46,-5.49,104,"No",0.342375
"07/11/22",4.46,-5.49,105,"No",0.227322917
"07/11/22",4.46,-5.49,106,"No",0.214697917
"07/11/22",4.46,-5.49,201,"No",0.352739583
"07/11/22",4.46,-5.49,202,"No",0.297979167
"07/11/22",4.46,-5.49,203,"No",0.273333333
"07/11/22",4.46,-5.49,204,"No",0.279916667
"07/11/22",4.46,-5.49,205,"No",0.2839375
"07/11/22",4.46,-5.49,206,"No",0.28846875
"07/11/22",4.46,-5.49,301,"No",0.346114583
"07/11/22",4.46,-5.49,302,"No",0.324083333
"07/11/22",4.46,-5.49,303,"No",0.358666667
"07/11/22",4.46,-5.49,304,"No",0.322770833
"07/11/22",4.46,-5.49,305,"No",0.3590625
"07/11/22",4.46,-5.49,306,"No",0.322083333
"07/11/22",4.46,-5.49,401,"No",0.353510417
"07/11/22",4.46,-5.49,402,"No",0.338989583
"07/11/22",4.46,-5.49,403,"No",0.30328125
"07/11/22",4.46,-5.49,404,"No",0.293197917
"07/11/22",4.46,-5.49,405,"No",0.296770833
"07/11/22",4.46,-5.49,406,"No",0.304510417
"07/11/22",4.46,-5.49,501,"No",0.350083333
"07/11/22",4.46,-5.49,502,"No",0.361020833
"07/11/22",4.46,-5.49,503,"No",0.294947917
"07/11/22",4.46,-5.49,504,"No",0.333239583
"07/11/22",4.46,-5.49,505,"No",0.34046875
"07/11/22",4.46,-5.49,506,"No",0.3211875
"07/12/22",4.71,-5.4,104,"Yes",0.3181875
"07/12/22",4.71,-5.4,106,"Yes",0.19496875
"07/12/22",4.71,-5.4,301,"Yes",0.326145833
"07/12/22",4.71,-5.4,305,"Yes",0.335885417
"07/12/22",4.71,-5.4,404,"Yes",0.273635417
"07/12/22",4.71,-5.4,405,"Yes",0.269541667
"07/12/22",4.71,-5.4,503,"Yes",0.26878125
"07/12/22",4.71,-5.4,505,"Yes",0.322791667
"07/13/22",4.72,-5.56,101,"No",0.316375
"07/13/22",4.72,-5.56,102,"No",0.298625
"07/13/22",4.72,-5.56,103,"No",0.281333333
"07/13/22",4.72,-5.56,104,"No",0.34465625
"07/13/22",4.72,-5.56,105,"No",0.210604167
"07/13/22",4.72,-5.56,106,"No",0.222822917
"07/13/22",4.72,-5.56,201,"No",0.338916667
"07/13/22",4.72,-5.56,202,"No",0.28878125
"07/13/22",4.72,-5.56,203,"No",0.274708333
"07/13/22",4.72,-5.56,204,"No",0.300645833
"07/13/22",4.72,-5.56,205,"No",0.273885417
"07/13/22",4.72,-5.56,206,"No",0.25634375
"07/13/22",4.72,-5.56,301,"No",0.340645833
"07/13/22",4.72,-5.56,302,"No",0.298739583
"07/13/22",4.72,-5.56,303,"No",0.35334375
"07/13/22",4.72,-5.56,304,"No",0.32309375
"07/13/22",4.72,-5.56,305,"No",0.36290625
"07/13/22",4.72,-5.56,306,"No",0.318677083
"07/13/22",4.72,-5.56,401,"No",0.362739583
"07/13/22",4.72,-5.56,402,"No",0.311739583
"07/13/22",4.72,-5.56,403,"No",0.2740625
"07/13/22",4.72,-5.56,404,"No",0.297875
"07/13/22",4.72,-5.56,405,"No",0.3031875
"07/13/22",4.72,-5.56,406,"No",0.285625
"07/13/22",4.72,-5.56,501,"No",0.353177083
"07/13/22",4.72,-5.56,502,"No",0.367489583
"07/13/22",4.72,-5.56,503,"No",0.3121875
"07/13/22",4.72,-5.56,504,"No",0.336895833
"07/13/22",4.72,-5.56,505,"No",0.356322917
"07/13/22",4.72,-5.56,506,"No",0.313729167
"07/14/22",4.72,-5.74,104,"Yes",0.3326875
"07/14/22",4.72,-5.74,106,"Yes",0.2206875
"07/14/22",4.72,-5.74,301,"Yes",0.35453125
"07/14/22",4.72,-5.74,505,"Yes",0.347708333
"07/15/22",4.72,-5.92,101,"No",0.27609375
"07/15/22",4.72,-5.92,102,"Yes",0.2780625
"07/15/22",4.72,-5.92,103,"No",0.258145833
"07/15/22",4.72,-5.92,104,"No",0.3345625
"07/15/22",4.72,-5.92,105,"No",0.171427083
"07/15/22",4.72,-5.92,106,"No",0.237041667
"07/15/22",4.72,-5.92,201,"No",0.3073125
"07/15/22",4.72,-5.92,202,"No",0.256885417
"07/15/22",4.72,-5.92,203,"No",0.224385417
"07/15/22",4.72,-5.92,204,"No",0.231583333
"07/15/22",4.72,-5.92,205,"No",0.23871875
"07/15/22",4.72,-5.92,206,"No",0.22809375
"07/15/22",4.72,-5.92,301,"No",0.375635417
"07/15/22",4.72,-5.92,302,"No",0.276333333
"07/15/22",4.72,-5.92,303,"Yes",0.317916667
"07/15/22",4.72,-5.92,304,"No",0.28334375
"07/15/22",4.72,-5.92,305,"Yes",0.334510417
"07/15/22",4.72,-5.92,306,"No",0.27290625
"07/15/22",4.72,-5.92,401,"No",0.31653125
"07/15/22",4.72,-5.92,402,"No",0.27834375
"07/15/22",4.72,-5.92,403,"No",0.229145833
"07/15/22",4.72,-5.92,404,"Yes",0.274510417
"07/15/22",4.72,-5.92,405,"Yes",0.253739583
"07/15/22",4.72,-5.92,406,"No",0.243552083
"07/15/22",4.72,-5.92,501,"No",0.31303125
"07/15/22",4.72,-5.92,502,"Yes",0.338666667
"07/15/22",4.72,-5.92,503,"Yes",0.24134375
"07/15/22",4.72,-5.92,504,"No",0.272208333
"07/15/22",4.72,-5.92,505,"No",0.357520833
"07/15/22",4.72,-5.92,506,"No",0.259916667
"07/16/22",4.72,-6.08,104,"Yes",0.333166667
"07/16/22",4.72,-6.08,106,"Yes",0.250375
"07/16/22",4.72,-6.08,203,"Yes",0.216885417
"07/16/22",4.72,-6.08,204,"Yes",0.218572917
"07/16/22",4.72,-6.08,303,"Yes",0.350020833
"07/16/22",4.72,-6.08,306,"Yes",0.2705625
"07/16/22",4.72,-6.08,405,"Yes",0.286791667
"07/16/22",4.72,-6.08,503,"Yes",0.23471875
"07/17/22",4.74,-6.19,102,"Yes",0.29953125
"07/17/22",4.74,-6.19,205,"Yes",0.2170625
"07/17/22",4.74,-6.19,301,"Yes",0.365572917
"07/17/22",4.74,-6.19,502,"Yes",0.367291667
"07/17/22",4.74,-6.19,503,"Yes",0.291
"07/17/22",4.74,-6.19,505,"Yes",0.348385417
"07/18/22",4.74,-6.41,101,"No",0.23290625
"07/18/22",4.74,-6.41,102,"No",0.304645833
"07/18/22",4.74,-6.41,103,"No",0.22121875
"07/18/22",4.74,-6.41,104,"Yes",0.336270833
"07/18/22",4.74,-6.41,105,"No",0.1449375
"07/18/22",4.74,-6.41,106,"No",0.24371875
"07/18/22",4.74,-6.41,201,"No",0.259041667
"07/18/22",4.74,-6.41,202,"No",0.21990625
"07/18/22",4.74,-6.41,203,"No",0.217083333
"07/18/22",4.74,-6.41,204,"Yes",0.253854167
"07/18/22",4.74,-6.41,205,"No",0.216895833
"07/18/22",4.74,-6.41,206,"No",0.185614583
"07/18/22",4.74,-6.41,301,"No",0.37134375
"07/18/22",4.74,-6.41,302,"No",0.241614583
"07/18/22",4.74,-6.41,303,"No",0.34634375
"07/18/22",4.74,-6.41,304,"No",0.23996875
"07/18/22",4.74,-6.41,305,"Yes",0.345020833
"07/18/22",4.74,-6.41,306,"No",0.27315625
"07/18/22",4.74,-6.41,401,"Yes",0.283916667
"07/18/22",4.74,-6.41,402,"No",0.228197917
"07/18/22",4.74,-6.41,403,"No",0.173635417
"07/18/22",4.74,-6.41,404,"Yes",0.289583333
"07/18/22",4.74,-6.41,405,"No",0.289364583
"07/18/22",4.74,-6.41,406,"No",0.204270833
"07/18/22",4.74,-6.41,501,"No",0.26590625
"07/18/22",4.74,-6.41,502,"No",0.37290625
"07/18/22",4.74,-6.41,503,"No",0.302885417
"07/18/22",4.74,-6.41,504,"No",0.221364583
"07/18/22",4.74,-6.41,505,"No",0.348427083
"07/18/22",4.74,-6.41,506,"No",0.2114375
"07/19/22",4.74,-6.5,104,"Yes",0.33840625
"07/19/22",4.74,-6.5,106,"Yes",0.223770833
"07/19/22",4.74,-6.5,202,"Yes",0.20025
"07/19/22",4.74,-6.5,203,"Yes",0.19371875
"07/19/22",4.74,-6.5,205,"Yes",0.197739583
"07/19/22",4.74,-6.5,303,"Yes",0.3238125
"07/19/22",4.74,-6.5,306,"Yes",0.25521875
"07/19/22",4.74,-6.5,403,"Yes",0.15315625
"07/19/22",4.74,-6.5,405,"Yes",0.259302083
"07/19/22",4.74,-6.5,503,"Yes",0.272635417
"07/20/22",4.74,-6.7,101,"No",0.1985625
"07/20/22",4.74,-6.7,102,"Yes",0.255729167
"07/20/22",4.74,-6.7,103,"No",0.180802083
"07/20/22",4.74,-6.7,104,"No",0.330395833
"07/20/22",4.74,-6.7,105,"No",0.118864583
"07/20/22",4.74,-6.7,106,"No",0.243614583
"07/20/22",4.74,-6.7,201,"No",0.204104167
"07/20/22",4.74,-6.7,202,"Yes",0.204864583
"07/20/22",4.74,-6.7,203,"Yes",0.22059375
"07/20/22",4.74,-6.7,204,"No",0.22696875
"07/20/22",4.74,-6.7,205,"Yes",0.180229167
"07/20/22",4.74,-6.7,206,"Yes",0.155208333
"07/20/22",4.74,-6.7,301,"Yes",0.307291667
"07/20/22",4.74,-6.7,302,"Yes",0.20309375
"07/20/22",4.74,-6.7,303,"Yes",0.336395833
"07/20/22",4.74,-6.7,304,"No",0.189520833
"07/20/22",4.74,-6.7,305,"No",0.351427083
"07/20/22",4.74,-6.7,306,"Yes",0.291885417
"07/20/22",4.74,-6.7,401,"Yes",0.271729167
"07/20/22",4.74,-6.7,402,"No",0.183020833
"07/20/22",4.74,-6.7,403,"Yes",0.149041667
"07/20/22",4.74,-6.7,404,"Yes",0.28409375
"07/20/22",4.74,-6.7,405,"Yes",0.272854167
"07/20/22",4.74,-6.7,406,"No",0.1705625
"07/20/22",4.74,-6.7,501,"No",0.217802083
"07/20/22",4.74,-6.7,502,"Yes",0.305625
"07/20/22",4.74,-6.7,503,"No",0.275427083
"07/20/22",4.74,-6.7,504,"No",0.17365625
"07/20/22",4.74,-6.7,505,"Yes",0.280489583
"07/20/22",4.74,-6.7,506,"No",0.172822917
"07/21/22",4.74,-6.9,102,"Yes",0.264666667
"07/21/22",4.74,-6.9,106,"Yes",0.227020833
"07/21/22",4.74,-6.9,201,"Yes",0.1903125
"07/21/22",4.74,-6.9,202,"Yes",0.2251875
"07/21/22",4.74,-6.9,204,"Yes",0.200645833
"07/21/22",4.74,-6.9,205,"Yes",0.187791667
"07/21/22",4.74,-6.9,206,"Yes",0.154572917
"07/21/22",4.74,-6.9,301,"Yes",0.337322917
"07/21/22",4.74,-6.9,302,"Yes",0.19903125
"07/21/22",4.74,-6.9,305,"Yes",0.337989583
"07/21/22",4.74,-6.9,502,"Yes",0.318541667
"07/21/22",4.74,-6.9,503,"Yes",0.243239583
"07/21/22",4.74,-6.9,505,"Yes",0.283947917
"07/21/22",4.74,-6.9,506,"Yes",0.16540625
"07/22/22",4.74,-7.08,101,"No",0.179375
"07/22/22",4.74,-7.08,102,"No",0.281854167
"07/22/22",4.74,-7.08,103,"No",0.154947917
"07/22/22",4.74,-7.08,104,"Yes",0.2720625
"07/22/22",4.74,-7.08,105,"No",0.106302083
"07/22/22",4.74,-7.08,106,"No",0.260791667
"07/22/22",4.74,-7.08,201,"No",0.192822917
"07/22/22",4.74,-7.08,202,"No",0.244572917
"07/22/22",4.74,-7.08,203,"No",0.212833333
"07/22/22",4.74,-7.08,204,"Yes",0.229114583
"07/22/22",4.74,-7.08,205,"Yes",0.224072917
"07/22/22",4.74,-7.08,206,"No",0.169135417
"07/22/22",4.74,-7.08,301,"No",0.368052083
"07/22/22",4.74,-7.08,302,"Yes",0.20909375
"07/22/22",4.74,-7.08,303,"Yes",0.338552083
"07/22/22",4.74,-7.08,304,"No",0.168166667
"07/22/22",4.74,-7.08,305,"No",0.352479167
"07/22/22",4.74,-7.08,306,"No",0.27853125
"07/22/22",4.74,-7.08,401,"Yes",0.275989583
"07/22/22",4.74,-7.08,402,"No",0.159333333
"07/22/22",4.74,-7.08,403,"Yes",0.14615625
"07/22/22",4.74,-7.08,404,"Yes",0.28021875
"07/22/22",4.74,-7.08,405,"Yes",0.268885417
"07/22/22",4.74,-7.08,406,"No",0.1518125
"07/22/22",4.74,-7.08,501,"No",0.183364583
"07/22/22",4.74,-7.08,502,"No",0.345791667
"07/22/22",4.74,-7.08,503,"Yes",0.28984375
"07/22/22",4.74,-7.08,504,"No",0.149385417
"07/22/22",4.74,-7.08,505,"Yes",0.32590625
"07/22/22",4.74,-7.08,506,"Yes",0.17815625
"07/23/22",4.92,-6.97,102,"Yes",0.3020625
"07/23/22",4.92,-6.97,104,"Yes",0.3203125
"07/23/22",4.92,-6.97,105,"Yes",0.116020833
"07/23/22",4.92,-6.97,203,"Yes",0.245979167
"07/23/22",4.92,-6.97,302,"Yes",0.24534375
"07/23/22",4.92,-6.97,304,"Yes",0.211572917
"07/23/22",4.92,-6.97,305,"Yes",0.358510417
"07/23/22",4.92,-6.97,306,"Yes",0.300302083
"07/23/22",4.92,-6.97,403,"Yes",0.162677083
"07/23/22",4.92,-6.97,405,"Yes",0.303958333
"07/23/22",4.92,-6.97,502,"Yes",0.365625
"07/23/22",4.92,-6.97,505,"Yes",0.36396875
"07/25/22",4.92,-7.29,101,"No",0.175885417
"07/25/22",4.92,-7.29,102,"No",0.293666667
"07/25/22",4.92,-7.29,103,"No",0.152739583
"07/25/22",4.92,-7.29,104,"Yes",0.323677083
"07/25/22",4.92,-7.29,105,"No",0.137697917
"07/25/22",4.92,-7.29,106,"No",0.211572917
"07/25/22",4.92,-7.29,201,"No",0.191104167
"07/25/22",4.92,-7.29,202,"No",0.24059375
"07/25/22",4.92,-7.29,203,"No",0.246010417
"07/25/22",4.92,-7.29,204,"No",0.26846875
"07/25/22",4.92,-7.29,205,"No",0.259708333
"07/25/22",4.92,-7.29,206,"No",0.169625
"07/25/22",4.92,-7.29,301,"Yes",0.354145833
"07/25/22",4.92,-7.29,302,"No",0.27978125
"07/25/22",4.92,-7.29,303,"No",0.33525
"07/25/22",4.92,-7.29,304,"No",0.24909375
"07/25/22",4.92,-7.29,305,"Yes",0.352833333
"07/25/22",4.92,-7.29,306,"No",0.302052083
"07/25/22",4.92,-7.29,401,"No",0.296947917
"07/25/22",4.92,-7.29,402,"No",0.15571875
"07/25/22",4.92,-7.29,403,"No",0.2004375
"07/25/22",4.92,-7.29,404,"No",0.291052083
"07/25/22",4.92,-7.29,405,"No",0.294041667
"07/25/22",4.92,-7.29,406,"No",0.151260417
"07/25/22",4.92,-7.29,501,"No",0.1764375
"07/25/22",4.92,-7.29,502,"No",0.35428125
"07/25/22",4.92,-7.29,503,"No",0.280375
"07/25/22",4.92,-7.29,504,"No",0.15503125
"07/25/22",4.92,-7.29,505,"Yes",0.34503125
"07/25/22",4.92,-7.29,506,"No",0.205739583
"07/26/22",5.13,-7.16,104,"Yes",0.339697917
"07/26/22",5.13,-7.16,106,"Yes",0.21365625
"07/26/22",5.13,-7.16,206,"Yes",0.161541667
"07/26/22",5.13,-7.16,303,"Yes",0.332833333
"07/26/22",5.13,-7.16,401,"Yes",0.29934375
"07/26/22",5.13,-7.16,404,"Yes",0.283697917
"07/26/22",5.13,-7.16,405,"Yes",0.294572917
"07/26/22",5.13,-7.16,503,"Yes",0.2873125
"07/27/22",5.14,-7.32,101,"No",0.180635417
"07/27/22",5.14,-7.32,102,"No",0.293885417
"07/27/22",5.14,-7.32,103,"No",0.155333333
"07/27/22",5.14,-7.32,104,"No",0.335614583
"07/27/22",5.14,-7.32,105,"No",0.153708333
"07/27/22",5.14,-7.32,106,"No",0.260822917
"07/27/22",5.14,-7.32,201,"No",0.192739583
"07/27/22",5.14,-7.32,202,"No",0.244010417
"07/27/22",5.14,-7.32,203,"No",0.254447917
"07/27/22",5.14,-7.32,204,"No",0.291604167
"07/27/22",5.14,-7.32,205,"No",0.273447917
"07/27/22",5.14,-7.32,206,"No",0.17178125
"07/27/22",5.14,-7.32,301,"No",0.38075
"07/27/22",5.14,-7.32,302,"No",0.274833333
"07/27/22",5.14,-7.32,303,"No",0.354979167
"07/27/22",5.14,-7.32,304,"No",0.298125
"07/27/22",5.14,-7.32,305,"No",0.363572917
"07/27/22",5.14,-7.32,306,"No",0.338697917
"07/27/22",5.14,-7.32,401,"No",0.343208333
"07/27/22",5.14,-7.32,402,"No",0.15853125
"07/27/22",5.14,-7.32,403,"No",0.191541667
"07/27/22",5.14,-7.32,404,"No",0.306010417
"07/27/22",5.14,-7.32,405,"No",0.324947917
"07/27/22",5.14,-7.32,406,"No",0.162416667
"07/27/22",5.14,-7.32,501,"No",0.1778125
"07/27/22",5.14,-7.32,502,"No",0.3673125
"07/27/22",5.14,-7.32,503,"No",0.328385417
"07/27/22",5.14,-7.32,504,"No",0.18496875
"07/27/22",5.14,-7.32,505,"No",0.362135417
"07/27/22",5.14,-7.32,506,"No",0.233229167
"07/28/22",5.14,-7.45,104,"Yes",0.325854167
"07/28/22",5.14,-7.45,106,"Yes",0.247072917
"07/28/22",5.14,-7.45,204,"Yes",0.284385417
"07/28/22",5.14,-7.45,206,"Yes",0.171364583
"07/28/22",5.14,-7.45,303,"Yes",0.34871875
"07/28/22",5.14,-7.45,401,"Yes",0.337708333
"07/28/22",5.14,-7.45,404,"Yes",0.301479167
"07/28/22",5.14,-7.45,405,"Yes",0.3103125
"07/28/22",5.14,-7.45,503,"Yes",0.315395833
"07/28/22",5.14,-7.45,506,"Yes",0.222958333
"07/29/22",5.14,-7.59,101,"No",0.174635417
"07/29/22",5.14,-7.59,102,"Yes",0.274083333
"07/29/22",5.14,-7.59,103,"No",0.1518125
"07/29/22",5.14,-7.59,104,"Yes",0.3405625
"07/29/22",5.14,-7.59,105,"No",0.11865625
"07/29/22",5.14,-7.59,106,"No",0.248135417
"07/29/22",5.14,-7.59,201,"No",0.181114583
"07/29/22",5.14,-7.59,202,"Yes",0.222822917
"07/29/22",5.14,-7.59,203,"Yes",0.21046875
"07/29/22",5.14,-7.59,204,"No",0.29578125
"07/29/22",5.14,-7.59,205,"No",0.228677083
"07/29/22",5.14,-7.59,206,"No",0.17209375
"07/29/22",5.14,-7.59,301,"Yes",0.344895833
"07/29/22",5.14,-7.59,302,"No",0.242322917
"07/29/22",5.14,-7.59,303,"No",0.349197917
"07/29/22",5.14,-7.59,304,"No",0.227208333
"07/29/22",5.14,-7.59,305,"Yes",0.3334375
"07/29/22",5.14,-7.59,306,"No",0.284052083
"07/29/22",5.14,-7.59,401,"No",0.341104167
"07/29/22",5.14,-7.59,402,"No",0.15315625
"07/29/22",5.14,-7.59,403,"Yes",0.153583333
"07/29/22",5.14,-7.59,404,"No",0.307541667
"07/29/22",5.14,-7.59,405,"No",0.308260417
"07/29/22",5.14,-7.59,406,"No",0.14915625
"07/29/22",5.14,-7.59,501,"No",0.172166667
"07/29/22",5.14,-7.59,502,"Yes",0.3268125
"07/29/22",5.14,-7.59,503,"No",0.315697917
"07/29/22",5.14,-7.59,504,"No",0.149958333
"07/29/22",5.14,-7.59,505,"Yes",0.328854167
"07/29/22",5.14,-7.59,506,"No",0.221708333
"07/30/22",5.14,-7.78,102,"Yes",0.287114583
"07/30/22",5.14,-7.78,203,"Yes",0.243333333
"07/30/22",5.14,-7.78,205,"Yes",0.216072917
"07/30/22",5.14,-7.78,303,"Yes",0.346510417
"07/30/22",5.14,-7.78,306,"Yes",0.278083333
"07/30/22",5.14,-7.78,403,"Yes",0.151197917
"07/30/22",5.14,-7.78,502,"Yes",0.34803125
"07/30/22",5.14,-7.78,505,"Yes",0.345885417
"07/31/22",5.37,-7.69,104,"Yes",0.329354167
"07/31/22",5.37,-7.69,105,"Yes",0.108166667
"07/31/22",5.37,-7.69,106,"Yes",0.19940625
"07/31/22",5.37,-7.69,202,"Yes",0.222083333
"07/31/22",5.37,-7.69,205,"Yes",0.237583333
"07/31/22",5.37,-7.69,206,"Yes",0.161125
"07/31/22",5.37,-7.69,301,"Yes",0.3546875
"07/31/22",5.37,-7.69,302,"Yes",0.207010417
"07/31/22",5.37,-7.69,305,"Yes",0.337885417
"07/31/22",5.37,-7.69,403,"Yes",0.16665625
"07/31/22",5.37,-7.69,404,"Yes",0.288239583
"07/31/22",5.37,-7.69,405,"Yes",0.270260417
"07/31/22",5.37,-7.69,501,"Yes",0.177510417
"07/31/22",5.37,-7.69,503,"Yes",0.2571875
"08/01/22",5.38,-7.86,101,"No",0.171458333
"08/01/22",5.38,-7.86,102,"No",0.307854167
"08/01/22",5.38,-7.86,103,"No",0.144229167
"08/01/22",5.38,-7.86,104,"No",0.339739583
"08/01/22",5.38,-7.86,105,"No",0.15765625
"08/01/22",5.38,-7.86,106,"No",0.2475625
"08/01/22",5.38,-7.86,201,"No",0.17203125
"08/01/22",5.38,-7.86,202,"No",0.248635417
"08/01/22",5.38,-7.86,203,"No",0.293822917
"08/01/22",5.38,-7.86,204,"No",0.246947917
"08/01/22",5.38,-7.86,205,"No",0.2815
"08/01/22",5.38,-7.86,206,"No",0.187333333
"08/01/22",5.38,-7.86,301,"No",0.3844375
"08/01/22",5.38,-7.86,302,"Yes",0.226864583
"08/01/22",5.38,-7.86,303,"Yes",0.380020833
"08/01/22",5.38,-7.86,304,"No",0.200625
"08/01/22",5.38,-7.86,305,"No",0.359020833
"08/01/22",5.38,-7.86,306,"No",0.323416667
"08/01/22",5.38,-7.86,401,"No",0.325510417
"08/01/22",5.38,-7.86,402,"No",0.148197917
"08/01/22",5.38,-7.86,403,"No",0.240583333
"08/01/22",5.38,-7.86,404,"No",0.321333333
"08/01/22",5.38,-7.86,405,"No",0.305020833
"08/01/22",5.38,-7.86,406,"No",0.147760417
"08/01/22",5.38,-7.86,501,"No",0.217208333
"08/01/22",5.38,-7.86,502,"No",0.385447917
"08/01/22",5.38,-7.86,503,"No",0.300166667
"08/01/22",5.38,-7.86,504,"No",0.158760417
"08/01/22",5.38,-7.86,505,"No",0.36278125
"08/01/22",5.38,-7.86,506,"Yes",0.201364583
"08/02/22",5.38,-8.07,104,"Yes",0.328135417
"08/02/22",5.38,-8.07,305,"Yes",0.348697917
"08/02/22",5.38,-8.07,503,"Yes",0.275385417
"08/03/22",5.57,-8.06,101,"No",0.173614583
"08/03/22",5.57,-8.06,102,"Yes",0.28265625
"08/03/22",5.57,-8.06,103,"No",0.144947917
"08/03/22",5.57,-8.06,104,"No",0.345364583
"08/03/22",5.57,-8.06,105,"No",0.13471875
"08/03/22",5.57,-8.06,106,"Yes",0.2061875
"08/03/22",5.57,-8.06,201,"No",0.17284375
"08/03/22",5.57,-8.06,202,"No",0.220364583
"08/03/22",5.57,-8.06,203,"No",0.23871875
"08/03/22",5.57,-8.06,204,"Yes",0.243010417
"08/03/22",5.57,-8.06,205,"No",0.273041667
"08/03/22",5.57,-8.06,206,"No",0.170208333
"08/03/22",5.57,-8.06,301,"Yes",0.35278125
"08/03/22",5.57,-8.06,302,"No",0.240875
"08/03/22",5.57,-8.06,303,"No",0.3629375
"08/03/22",5.57,-8.06,304,"No",0.22278125
"08/03/22",5.57,-8.06,305,"No",0.364520833
"08/03/22",5.57,-8.06,306,"No",0.282208333
"08/03/22",5.57,-8.06,401,"No",0.277635417
"08/03/22",5.57,-8.06,402,"No",0.148354167
"08/03/22",5.57,-8.06,403,"No",0.18175
"08/03/22",5.57,-8.06,404,"No",0.30615625
"08/03/22",5.57,-8.06,405,"Yes",0.265604167
"08/03/22",5.57,-8.06,406,"No",0.147
"08/03/22",5.57,-8.06,501,"No",0.190552083
"08/03/22",5.57,-8.06,502,"No",0.359375
"08/03/22",5.57,-8.06,503,"No",0.306979167
"08/03/22",5.57,-8.06,504,"No",0.158354167
"08/03/22",5.57,-8.06,505,"No",0.3306875
"08/03/22",5.57,-8.06,506,"No",0.222572917
"08/04/22",5.57,-8.24,104,"Yes",0.331166667
"08/04/22",5.57,-8.24,201,"Yes",0.171375
"08/04/22",5.57,-8.24,306,"Yes",0.2835
"08/04/22",5.57,-8.24,401,"Yes",0.2954375
"08/04/22",5.57,-8.24,405,"Yes",0.2989375
"08/04/22",5.57,-8.24,502,"Yes",0.3525625
"08/04/22",5.57,-8.24,505,"Yes",0.327145833
"08/05/22",5.57,-8.46,101,"No",0.165729167
"08/05/22",5.57,-8.46,102,"Yes",0.275864583
"08/05/22",5.57,-8.46,103,"No",0.139166667
"08/05/22",5.57,-8.46,104,"Yes",0.341239583
"08/05/22",5.57,-8.46,105,"No",0.107583333
"08/05/22",5.57,-8.46,106,"Yes",0.20184375
"08/05/22",5.57,-8.46,201,"No",0.166041667
"08/05/22",5.57,-8.46,202,"Yes",0.214989583
"08/05/22",5.57,-8.46,203,"Yes",0.188145833
"08/05/22",5.57,-8.46,204,"No",0.231083333
"08/05/22",5.57,-8.46,205,"No",0.22365625
"08/05/22",5.57,-8.46,206,"Yes",0.155916667
"08/05/22",5.57,-8.46,301,"No",0.328104167
"08/05/22",5.57,-8.46,302,"Yes",0.213270833
"08/05/22",5.57,-8.46,303,"Yes",0.32059375
"08/05/22",5.57,-8.46,304,"No",0.178864583
"08/05/22",5.57,-8.46,305,"Yes",0.324770833
"08/05/22",5.57,-8.46,306,"No",0.29221875
"08/05/22",5.57,-8.46,401,"No",0.308572917
"08/05/22",5.57,-8.46,402,"No",0.142322917
"08/05/22",5.57,-8.46,403,"Yes",0.14659375
"08/05/22",5.57,-8.46,404,"Yes",0.26578125
"08/05/22",5.57,-8.46,405,"No",0.309375
"08/05/22",5.57,-8.46,406,"No",0.137927083
"08/05/22",5.57,-8.46,501,"No",0.17134375
"08/05/22",5.57,-8.46,502,"No",0.355020833
"08/05/22",5.57,-8.46,503,"Yes",0.239322917
"08/05/22",5.57,-8.46,504,"No",0.136
"08/05/22",5.57,-8.46,505,"Yes",0.339885417
"08/05/22",5.57,-8.46,506,"No",0.1789375
"08/06/22",5.92,-8.16,102,"Yes",0.302114583
"08/06/22",5.92,-8.16,104,"Yes",0.352
"08/06/22",5.92,-8.16,105,"Yes",0.120697917
"08/06/22",5.92,-8.16,106,"Yes",0.24746875
"08/06/22",5.92,-8.16,201,"Yes",0.165864583
"08/06/22",5.92,-8.16,202,"Yes",0.22715625
"08/06/22",5.92,-8.16,203,"Yes",0.244197917
"08/06/22",5.92,-8.16,204,"Yes",0.259354167
"08/06/22",5.92,-8.16,205,"Yes",0.239833333
"08/06/22",5.92,-8.16,206,"Yes",0.169229167
"08/06/22",5.92,-8.16,301,"Yes",0.3350625
"08/06/22",5.92,-8.16,302,"Yes",0.237770833
"08/06/22",5.92,-8.16,303,"Yes",0.352604167
"08/06/22",5.92,-8.16,305,"Yes",0.3545
"08/06/22",5.92,-8.16,306,"Yes",0.308072917
"08/06/22",5.92,-8.16,403,"Yes",0.181375
"08/06/22",5.92,-8.16,404,"Yes",0.306927083
"08/06/22",5.92,-8.16,501,"Yes",0.189302083
"08/06/22",5.92,-8.16,502,"Yes",0.3664375
"08/06/22",5.92,-8.16,503,"Yes",0.27884375
"08/08/22",6.75,-7.55,101,"No",0.310958333
"08/08/22",6.75,-7.55,102,"No",0.334791667
"08/08/22",6.75,-7.55,103,"No",0.2018125
"08/08/22",6.75,-7.55,104,"No",0.348479167
"08/08/22",6.75,-7.55,105,"No",0.186416667
"08/08/22",6.75,-7.55,106,"No",0.28709375
"08/08/22",6.75,-7.55,201,"No",0.21771875
"08/08/22",6.75,-7.55,202,"No",0.297875
"08/08/22",6.75,-7.55,203,"No",0.327822917
"08/08/22",6.75,-7.55,204,"No",0.342666667
"08/08/22",6.75,-7.55,205,"No",0.30746875
"08/08/22",6.75,-7.55,206,"No",0.293885417
"08/08/22",6.75,-7.55,301,"No",0.392270833
"08/08/22",6.75,-7.55,302,"No",0.345697917
"08/08/22",6.75,-7.55,303,"No",0.37971875
"08/08/22",6.75,-7.55,304,"No",0.323770833
"08/08/22",6.75,-7.55,305,"No",0.365791667
"08/08/22",6.75,-7.55,306,"No",0.35771875
"08/08/22",6.75,-7.55,401,"No",0.381458333
"08/08/22",6.75,-7.55,402,"No",0.2871875
"08/08/22",6.75,-7.55,403,"No",0.31540625
"08/08/22",6.75,-7.55,404,"No",0.34440625
"08/08/22",6.75,-7.55,405,"No",0.354833333
"08/08/22",6.75,-7.55,406,"No",0.2554375
"08/08/22",6.75,-7.55,501,"No",0.353822917
"08/08/22",6.75,-7.55,502,"No",0.395895833
"08/08/22",6.75,-7.55,503,"No",0.342635417
"08/08/22",6.75,-7.55,504,"No",0.313
"08/08/22",6.75,-7.55,505,"No",0.368677083
"08/08/22",6.75,-7.55,506,"No",0.286416667
"08/09/22",6.75,-7.71,104,"Yes",0.341333333
"08/10/22",6.75,-7.88,101,"No",0.25103125
"08/10/22",6.75,-7.88,102,"No",0.306625
"08/10/22",6.75,-7.88,103,"No",0.197885417
"08/10/22",6.75,-7.88,104,"Yes",0.345666667
"08/10/22",6.75,-7.88,105,"No",0.145135417
"08/10/22",6.75,-7.88,106,"No",0.233333333
"08/10/22",6.75,-7.88,201,"No",0.218364583
"08/10/22",6.75,-7.88,202,"No",0.270572917
"08/10/22",6.75,-7.88,203,"No",0.266510417
"08/10/22",6.75,-7.88,204,"No",0.282697917
"08/10/22",6.75,-7.88,205,"No",0.26921875
"08/10/22",6.75,-7.88,206,"No",0.242864583
"08/10/22",6.75,-7.88,301,"No",0.349833333
"08/10/22",6.75,-7.88,302,"No",0.298125
"08/10/22",6.75,-7.88,303,"No",0.34375
"08/10/22",6.75,-7.88,304,"No",0.2676875
"08/10/22",6.75,-7.88,305,"Yes",0.34425
"08/10/22",6.75,-7.88,306,"No",0.305791667
"08/10/22",6.75,-7.88,401,"No",0.331354167
"08/10/22",6.75,-7.88,402,"No",0.2318125
"08/10/22",6.75,-7.88,403,"No",0.250604167
"08/10/22",6.75,-7.88,404,"No",0.303822917
"08/10/22",6.75,-7.88,405,"No",0.308083333
"08/10/22",6.75,-7.88,406,"No",0.204291667
"08/10/22",6.75,-7.88,501,"No",0.29828125
"08/10/22",6.75,-7.88,502,"No",0.362604167
"08/10/22",6.75,-7.88,503,"No",0.283520833
"08/10/22",6.75,-7.88,504,"No",0.22540625
"08/10/22",6.75,-7.88,505,"Yes",0.34403125
"08/10/22",6.75,-7.88,506,"No",0.24503125
"08/11/22",6.75,-8.03,104,"Yes",0.351427083
"08/11/22",6.75,-8.03,106,"Yes",0.22215625
"08/11/22",6.75,-8.03,301,"Yes",0.345166667
"08/11/22",6.75,-8.03,303,"Yes",0.331947917
"08/11/22",6.75,-8.03,503,"Yes",0.26484375
"08/11/22",6.75,-8.03,504,"Yes",0.216822917
"08/12/22",8.12,-6.74,101,"No",0.248520833
"08/12/22",8.12,-6.74,102,"No",0.3239375
"08/12/22",8.12,-6.74,103,"No",0.19528125
"08/12/22",8.12,-6.74,104,"No",0.358677083
"08/12/22",8.12,-6.74,105,"No",0.154302083
"08/12/22",8.12,-6.74,106,"No",0.2830625
"08/12/22",8.12,-6.74,201,"No",0.200916667
"08/12/22",8.12,-6.74,202,"No",0.2704375
"08/12/22",8.12,-6.74,203,"No",0.301947917
"08/12/22",8.12,-6.74,204,"No",0.311854167
"08/12/22",8.12,-6.74,205,"No",0.288083333
"08/12/22",8.12,-6.74,206,"No",0.271052083
"08/12/22",8.12,-6.74,301,"No",0.38703125
"08/12/22",8.12,-6.74,302,"No",0.3285
"08/12/22",8.12,-6.74,303,"No",0.366875
"08/12/22",8.12,-6.74,304,"No",0.301
"08/12/22",8.12,-6.74,305,"No",0.364666667
"08/12/22",8.12,-6.74,306,"No",0.34284375
"08/12/22",8.12,-6.74,401,"No",0.3585
"08/12/22",8.12,-6.74,402,"No",0.274572917
"08/12/22",8.12,-6.74,403,"No",0.289197917
"08/12/22",8.12,-6.74,404,"No",0.323614583
"08/12/22",8.12,-6.74,405,"Yes",0.29590625
"08/12/22",8.12,-6.74,406,"No",0.236916667
"08/12/22",8.12,-6.74,501,"No",0.343729167
"08/12/22",8.12,-6.74,502,"No",0.378302083
"08/12/22",8.12,-6.74,503,"No",0.3316875
"08/12/22",8.12,-6.74,504,"No",0.3205
"08/12/22",8.12,-6.74,505,"No",0.363791667
"08/12/22",8.12,-6.74,506,"No",0.25403125
"08/14/22",8.12,-6.92,104,"Yes",0.346385417
"08/15/22",8.12,-7.02,101,"No",0.2390625
"08/15/22",8.12,-7.02,102,"No",0.308208333
"08/15/22",8.12,-7.02,103,"No",0.20540625
"08/15/22",8.12,-7.02,104,"No",0.342302083
"08/15/22",8.12,-7.02,105,"No",0.140802083
"08/15/22",8.12,-7.02,106,"No",0.254604167
"08/15/22",8.12,-7.02,201,"No",0.216822917
"08/15/22",8.12,-7.02,202,"No",0.273239583
"08/15/22",8.12,-7.02,203,"No",0.284052083
"08/15/22",8.12,-7.02,204,"No",0.28959375
"08/15/22",8.12,-7.02,205,"No",0.2721875
"08/15/22",8.12,-7.02,206,"No",0.267958333
"08/15/22",8.12,-7.02,301,"No",0.364302083
"08/15/22",8.12,-7.02,302,"No",0.317083333
"08/15/22",8.12,-7.02,303,"No",0.349125
"08/15/22",8.12,-7.02,304,"No",0.289604167
"08/15/22",8.12,-7.02,305,"Yes",0.355302083
"08/15/22",8.12,-7.02,306,"No",0.3241875
"08/15/22",8.12,-7.02,401,"No",0.34425
"08/15/22",8.12,-7.02,402,"Yes",0.290322917
"08/15/22",8.12,-7.02,403,"No",0.283083333
"08/15/22",8.12,-7.02,404,"No",0.310145833
"08/15/22",8.12,-7.02,405,"No",0.305510417
"08/15/22",8.12,-7.02,406,"No",0.233614583
"08/15/22",8.12,-7.02,501,"No",0.326208333
"08/15/22",8.12,-7.02,502,"No",0.36209375
"08/15/22",8.12,-7.02,503,"No",0.306697917
"08/15/22",8.12,-7.02,504,"No",0.285052083
"08/15/22",8.12,-7.02,505,"Yes",0.3535
"08/15/22",8.12,-7.02,506,"No",0.24228125
"08/16/22",8.12,-7.13,104,"Yes",0.348333333
"08/17/22",8.18,-7.19,101,"No",0.203041667
"08/17/22",8.18,-7.19,102,"No",0.29271875
"08/17/22",8.18,-7.19,103,"No",0.1905
"08/17/22",8.18,-7.19,104,"No",0.341229167
"08/17/22",8.18,-7.19,105,"No",0.125947917
"08/17/22",8.18,-7.19,106,"No",0.220104167
"08/17/22",8.18,-7.19,201,"No",0.200666667
"08/17/22",8.18,-7.19,202,"No",0.255541667
"08/17/22",8.18,-7.19,203,"No",0.2539375
"08/17/22",8.18,-7.19,204,"No",0.261635417
"08/17/22",8.18,-7.19,205,"No",0.253989583
"08/17/22",8.18,-7.19,206,"No",0.244041667
"08/17/22",8.18,-7.19,301,"No",0.3443125
"08/17/22",8.18,-7.19,302,"No",0.297010417
"08/17/22",8.18,-7.19,303,"Yes",0.346052083
"08/17/22",8.18,-7.19,304,"No",0.268770833
"08/17/22",8.18,-7.19,305,"No",0.343041667
"08/17/22",8.18,-7.19,306,"No",0.299916667
"08/17/22",8.18,-7.19,401,"No",0.321552083
"08/17/22",8.18,-7.19,402,"No",0.288104167
"08/17/22",8.18,-7.19,403,"No",0.259708333
"08/17/22",8.18,-7.19,404,"No",0.292864583
"08/17/22",8.18,-7.19,405,"No",0.281729167
"08/17/22",8.18,-7.19,406,"No",0.204145833
"08/17/22",8.18,-7.19,501,"No",0.304010417
"08/17/22",8.18,-7.19,502,"No",0.344604167
"08/17/22",8.18,-7.19,503,"No",0.273395833
"08/17/22",8.18,-7.19,504,"No",0.250145833
"08/17/22",8.18,-7.19,505,"Yes",0.361270833
"08/17/22",8.18,-7.19,506,"No",0.221135417
"08/18/22",8.54,-6.94,104,"Yes",0.35771875
"08/18/22",8.54,-6.94,106,"Yes",0.2353125
"08/18/22",8.54,-6.94,301,"Yes",0.368958333
"08/18/22",8.54,-6.94,305,"Yes",0.363333333
"08/18/22",8.54,-6.94,405,"Yes",0.29325
"08/18/22",8.54,-6.94,503,"Yes",0.292333333
"08/19/22",8.68,-6.88,101,"No",0.289854167
"08/19/22",8.68,-6.88,102,"No",0.3351875
"08/19/22",8.68,-6.88,103,"No",0.226395833
"08/19/22",8.68,-6.88,104,"No",0.361760417
"08/19/22",8.68,-6.88,105,"No",0.18053125
"08/19/22",8.68,-6.88,106,"No",0.302177083
"08/19/22",8.68,-6.88,201,"No",0.225822917
"08/19/22",8.68,-6.88,202,"No",0.306166667
"08/19/22",8.68,-6.88,203,"No",0.338916667
"08/19/22",8.68,-6.88,204,"No",0.35715625
"08/19/22",8.68,-6.88,205,"No",0.315989583
"08/19/22",8.68,-6.88,206,"No",0.308166667
"08/19/22",8.68,-6.88,301,"No",0.400635417
"08/19/22",8.68,-6.88,302,"No",0.352072917
"08/19/22",8.68,-6.88,303,"No",0.388489583
"08/19/22",8.68,-6.88,304,"No",0.347125
"08/19/22",8.68,-6.88,305,"No",0.374697917
"08/19/22",8.68,-6.88,306,"No",0.37196875
"08/19/22",8.68,-6.88,401,"No",0.3830625
"08/19/22",8.68,-6.88,402,"No",0.344114583
"08/19/22",8.68,-6.88,403,"No",0.327479167
"08/19/22",8.68,-6.88,404,"No",0.353864583
"08/19/22",8.68,-6.88,405,"No",0.349770833
"08/19/22",8.68,-6.88,406,"No",0.270770833
"08/19/22",8.68,-6.88,501,"No",0.370552083
"08/19/22",8.68,-6.88,502,"No",0.400854167
"08/19/22",8.68,-6.88,503,"No",0.355572917
"08/19/22",8.68,-6.88,504,"No",0.34540625
"08/19/22",8.68,-6.88,505,"No",0.381864583
"08/19/22",8.68,-6.88,506,"No",0.29878125
"08/21/22",8.69,-7.11,104,"Yes",0.348958333
"08/22/22",8.69,-7.24,101,"No",0.254354167
"08/22/22",8.69,-7.24,102,"No",0.308604167
"08/22/22",8.69,-7.24,103,"No",0.239322917
"08/22/22",8.69,-7.24,104,"No",0.341395833
"08/22/22",8.69,-7.24,105,"No",0.154041667
"08/22/22",8.69,-7.24,106,"No",0.268354167
"08/22/22",8.69,-7.24,201,"No",0.248635417
"08/22/22",8.69,-7.24,202,"No",0.28809375
"08/22/22",8.69,-7.24,203,"No",0.2904375
"08/22/22",8.69,-7.24,204,"No",0.302302083
"08/22/22",8.69,-7.24,205,"No",0.283864583
"08/22/22",8.69,-7.24,206,"No",0.2759375
"08/22/22",8.69,-7.24,301,"No",0.367364583
"08/22/22",8.69,-7.24,302,"No",0.31728125
"08/22/22",8.69,-7.24,303,"No",0.35753125
"08/22/22",8.69,-7.24,304,"No",0.304885417
"08/22/22",8.69,-7.24,305,"No",0.338197917
"08/22/22",8.69,-7.24,306,"No",0.32815625
"08/22/22",8.69,-7.24,401,"No",0.345270833
"08/22/22",8.69,-7.24,402,"No",0.301291667
"08/22/22",8.69,-7.24,403,"No",0.288677083
"08/22/22",8.69,-7.24,404,"No",0.32425
"08/22/22",8.69,-7.24,405,"No",0.318770833
"08/22/22",8.69,-7.24,406,"No",0.24515625
"08/22/22",8.69,-7.24,501,"No",0.33234375
"08/22/22",8.69,-7.24,502,"No",0.370572917
"08/22/22",8.69,-7.24,503,"No",0.313104167
"08/22/22",8.69,-7.24,504,"No",0.285958333
"08/22/22",8.69,-7.24,505,"No",0.348645833
"08/22/22",8.69,-7.24,506,"No",0.268729167
"08/23/22",8.69,-7.38,104,"Yes",0.3443125
"08/23/22",8.69,-7.38,305,"Yes",0.347958333
"08/24/22",8.69,-7.49,101,"No",0.196666667
"08/24/22",8.69,-7.49,102,"No",0.28421875
"08/24/22",8.69,-7.49,103,"No",0.211208333
"08/24/22",8.69,-7.49,104,"No",0.334104167
"08/24/22",8.69,-7.49,105,"No",0.127854167
"08/24/22",8.69,-7.49,106,"No",0.218020833
"08/24/22",8.69,-7.49,201,"No",0.212229167
"08/24/22",8.69,-7.49,202,"No",0.2545
"08/24/22",8.69,-7.49,203,"No",0.24221875
"08/24/22",8.69,-7.49,204,"No",0.26
"08/24/22",8.69,-7.49,205,"No",0.253604167
"08/24/22",8.69,-7.49,206,"No",0.233958333
"08/24/22",8.69,-7.49,301,"No",0.336333333
"08/24/22",8.69,-7.49,302,"No",0.282822917
"08/24/22",8.69,-7.49,303,"Yes",0.33671875
"08/24/22",8.69,-7.49,304,"No",0.2735
"08/24/22",8.69,-7.49,305,"No",0.347739583
"08/24/22",8.69,-7.49,306,"No",0.286760417
"08/24/22",8.69,-7.49,401,"No",0.308770833
"08/24/22",8.69,-7.49,402,"No",0.258739583
"08/24/22",8.69,-7.49,403,"No",0.25028125
"08/24/22",8.69,-7.49,404,"No",0.293927083
"08/24/22",8.69,-7.49,405,"No",0.280635417
"08/24/22",8.69,-7.49,406,"No",0.202125
"08/24/22",8.69,-7.49,501,"No",0.296052083
"08/24/22",8.69,-7.49,502,"No",0.342020833
"08/24/22",8.69,-7.49,503,"Yes",0.269041667
"08/24/22",8.69,-7.49,504,"No",0.234052083
"08/24/22",8.69,-7.49,505,"Yes",0.328979167
"08/24/22",8.69,-7.49,506,"No",0.230489583
"08/25/22",8.69,-7.6,102,"Yes",0.27953125
"08/25/22",8.69,-7.6,104,"Yes",0.340875
"08/25/22",8.69,-7.6,106,"Yes",0.211520833
"08/25/22",8.69,-7.6,301,"Yes",0.330625
"08/25/22",8.69,-7.6,303,"Yes",0.342364583
"08/25/22",8.69,-7.6,305,"Yes",0.353583333
"08/25/22",8.69,-7.6,306,"Yes",0.288916667
"08/25/22",8.69,-7.6,405,"Yes",0.274916667
"08/25/22",8.69,-7.6,502,"Yes",0.337354167
"08/25/22",8.69,-7.6,503,"Yes",0.27459375
"08/25/22",8.69,-7.6,505,"Yes",0.334885417
"08/26/22",8.69,-7.73,101,"No",0.174375
"08/26/22",8.69,-7.73,102,"No",0.286072917
"08/26/22",8.69,-7.73,103,"No",0.186625
"08/26/22",8.69,-7.73,104,"No",0.333979167
"08/26/22",8.69,-7.73,105,"No",0.114864583
"08/26/22",8.69,-7.73,106,"No",0.212447917
"08/26/22",8.69,-7.73,201,"No",0.185458333
"08/26/22",8.69,-7.73,202,"No",0.230166667
"08/26/22",8.69,-7.73,203,"No",0.214427083
"08/26/22",8.69,-7.73,204,"No",0.228239583
"08/26/22",8.69,-7.73,205,"No",0.229864583
"08/26/22",8.69,-7.73,206,"No",0.202572917
"08/26/22",8.69,-7.73,301,"No",0.35390625
"08/26/22",8.69,-7.73,302,"No",0.255354167
"08/26/22",8.69,-7.73,303,"No",0.34253125
"08/26/22",8.69,-7.73,304,"No",0.246625
"08/26/22",8.69,-7.73,305,"No",0.352760417
"08/26/22",8.69,-7.73,306,"No",0.290708333
"08/26/22",8.69,-7.73,401,"No",0.2804375
"08/26/22",8.69,-7.73,402,"No",0.223291667
"08/26/22",8.69,-7.73,403,"No",0.218229167
"08/26/22",8.69,-7.73,404,"No",0.27734375
"08/26/22",8.69,-7.73,405,"No",0.285927083
"08/26/22",8.69,-7.73,406,"No",0.173822917
"08/26/22",8.69,-7.73,501,"No",0.2674375
"08/26/22",8.69,-7.73,502,"No",0.354239583
"08/26/22",8.69,-7.73,503,"No",0.279020833
"08/26/22",8.69,-7.73,504,"No",0.198822917
"08/26/22",8.69,-7.73,505,"No",0.354145833
"08/26/22",8.69,-7.73,506,"No",0.201791667
"08/27/22",9.37,-7.12,104,"Yes",0.3476875
"08/27/22",9.37,-7.12,106,"Yes",0.234395833
"08/27/22",9.37,-7.12,202,"Yes",0.229291667
"08/27/22",9.37,-7.12,203,"Yes",0.241197917
"08/27/22",9.37,-7.12,204,"Yes",0.23475
"08/27/22",9.37,-7.12,303,"Yes",0.36125
"08/27/22",9.37,-7.12,401,"Yes",0.29496875
"08/27/22",9.37,-7.12,503,"Yes",0.299875
"08/29/22",10.04,-6.67,101,"No",0.342458333
"08/29/22",10.04,-6.67,102,"No",0.343395833
"08/29/22",10.04,-6.67,103,"No",0.286822917
"08/29/22",10.04,-6.67,104,"No",0.355020833
"08/29/22",10.04,-6.67,105,"No",0.195333333
"08/29/22",10.04,-6.67,106,"No",0.309739583
"08/29/22",10.04,-6.67,201,"No",0.274541667
"08/29/22",10.04,-6.67,202,"No",0.328541667
"08/29/22",10.04,-6.67,203,"No",0.339145833
"08/29/22",10.04,-6.67,204,"No",0.351708333
"08/29/22",10.04,-6.67,205,"No",0.322479167
"08/29/22",10.04,-6.67,206,"No",0.323354167
"08/29/22",10.04,-6.67,301,"No",0.39840625
"08/29/22",10.04,-6.67,302,"No",0.350197917
"08/29/22",10.04,-6.67,303,"No",0.3874375
"08/29/22",10.04,-6.67,304,"No",0.350208333
"08/29/22",10.04,-6.67,305,"No",0.370375
"08/29/22",10.04,-6.67,306,"No",0.37153125
"08/29/22",10.04,-6.67,401,"No",0.384760417
"08/29/22",10.04,-6.67,402,"No",0.349333333
"08/29/22",10.04,-6.67,403,"No",0.334260417
"08/29/22",10.04,-6.67,404,"No",0.36021875
"08/29/22",10.04,-6.67,405,"No",0.358333333
"08/29/22",10.04,-6.67,406,"No",0.308385417
"08/29/22",10.04,-6.67,501,"No",0.374666667
"08/29/22",10.04,-6.67,502,"No",0.398510417
"08/29/22",10.04,-6.67,503,"No",0.3618125
"08/29/22",10.04,-6.67,504,"No",0.34725
"08/29/22",10.04,-6.67,505,"No",0.377979167
"08/29/22",10.04,-6.67,506,"No",0.304385417
"08/30/22",10.04,-6.8,104,"Yes",0.3459375
"08/30/22",10.04,-6.8,305,"Yes",0.34609375
"08/31/22",10.04,-6.94,101,"No",0.252677083
"08/31/22",10.04,-6.94,102,"No",0.31040625
"08/31/22",10.04,-6.94,103,"No",0.258385417
"08/31/22",10.04,-6.94,104,"No",0.337125
"08/31/22",10.04,-6.94,105,"No",0.153041667
"08/31/22",10.04,-6.94,106,"No",0.252177083
"08/31/22",10.04,-6.94,201,"No",0.248145833
"08/31/22",10.04,-6.94,202,"No",0.28825
"08/31/22",10.04,-6.94,203,"No",0.28553125
"08/31/22",10.04,-6.94,204,"No",0.30040625
"08/31/22",10.04,-6.94,205,"No",0.281989583
"08/31/22",10.04,-6.94,206,"No",0.26578125
"08/31/22",10.04,-6.94,301,"No",0.3600625
"08/31/22",10.04,-6.94,302,"No",0.30365625
"08/31/22",10.04,-6.94,303,"No",0.35496875
"08/31/22",10.04,-6.94,304,"No",0.306666667
"08/31/22",10.04,-6.94,305,"Yes",0.352197917
"08/31/22",10.04,-6.94,306,"No",0.320989583
"08/31/22",10.04,-6.94,401,"No",0.3425625
"08/31/22",10.04,-6.94,402,"No",0.293385417
"08/31/22",10.04,-6.94,403,"No",0.2791875
"08/31/22",10.04,-6.94,404,"No",0.320520833
"08/31/22",10.04,-6.94,405,"No",0.315104167
"08/31/22",10.04,-6.94,406,"No",0.244927083
"08/31/22",10.04,-6.94,501,"No",0.3330625
"08/31/22",10.04,-6.94,502,"No",0.366895833
"08/31/22",10.04,-6.94,503,"No",0.30659375
"08/31/22",10.04,-6.94,504,"No",0.27453125
"08/31/22",10.04,-6.94,505,"No",0.340197917
"08/31/22",10.04,-6.94,506,"No",0.2555625
"09/01/22",10.04,-7.09,104,"Yes",0.33903125
"09/01/22",10.04,-7.09,505,"Yes",0.336541667
"09/02/22",10.04,-7.24,101,"No",0.186958333
"09/02/22",10.04,-7.24,102,"No",0.284354167
"09/02/22",10.04,-7.24,103,"No",0.225822917
"09/02/22",10.04,-7.24,104,"No",0.3378125
"09/02/22",10.04,-7.24,105,"No",0.124072917
"09/02/22",10.04,-7.24,106,"Yes",0.203583333
"09/02/22",10.04,-7.24,201,"No",0.203604167
"09/02/22",10.04,-7.24,202,"No",0.250791667
"09/02/22",10.04,-7.24,203,"No",0.23284375
"09/02/22",10.04,-7.24,204,"No",0.25703125
"09/02/22",10.04,-7.24,205,"No",0.250958333
"09/02/22",10.04,-7.24,206,"No",0.215427083
"09/02/22",10.04,-7.24,301,"Yes",0.329375
"09/02/22",10.04,-7.24,302,"No",0.262604167
"09/02/22",10.04,-7.24,303,"Yes",0.336322917
"09/02/22",10.04,-7.24,304,"No",0.273458333
"09/02/22",10.04,-7.24,305,"No",0.339364583
"09/02/22",10.04,-7.24,306,"No",0.274854167
"09/02/22",10.04,-7.24,401,"No",0.305302083
"09/02/22",10.04,-7.24,402,"No",0.24034375
"09/02/22",10.04,-7.24,403,"No",0.233395833
"09/02/22",10.04,-7.24,404,"No",0.290677083
"09/02/22",10.04,-7.24,405,"No",0.277395833
"09/02/22",10.04,-7.24,406,"No",0.196447917
"09/02/22",10.04,-7.24,501,"No",0.29671875
"09/02/22",10.04,-7.24,502,"No",0.3391875
"09/02/22",10.04,-7.24,503,"Yes",0.256666667
"09/02/22",10.04,-7.24,504,"No",0.21509375
"09/02/22",10.04,-7.24,505,"Yes",0.35215625
"09/02/22",10.04,-7.24,506,"No",0.217770833
"09/03/22",10.04,-7.36,102,"Yes",0.279333333
"09/03/22",10.04,-7.36,104,"Yes",0.339239583
"09/03/22",10.04,-7.36,106,"Yes",0.22140625
"09/03/22",10.04,-7.36,203,"Yes",0.219770833
"09/03/22",10.04,-7.36,301,"Yes",0.357229167
"09/03/22",10.04,-7.36,303,"Yes",0.35446875
"09/03/22",10.04,-7.36,305,"Yes",0.348177083
"09/03/22",10.04,-7.36,306,"Yes",0.285572917
"09/03/22",10.04,-7.36,404,"Yes",0.282677083
"09/03/22",10.04,-7.36,405,"Yes",0.262791667
"09/03/22",10.04,-7.36,502,"Yes",0.327760417
"09/03/22",10.04,-7.36,503,"Yes",0.279489583
"09/04/22",10.04,-7.48,204,"Yes",0.22078125
"09/04/22",10.04,-7.48,401,"Yes",0.294177083
"09/04/22",10.04,-7.48,405,"Yes",0.265885417
"09/04/22",10.04,-7.48,502,"Yes",0.337729167
"09/04/22",10.04,-7.48,503,"Yes",0.332854167
"09/04/22",10.04,-7.48,505,"Yes",0.358375
"09/05/22",10.04,-7.58,101,"No",0.15609375
"09/05/22",10.04,-7.58,102,"Yes",0.284572917
"09/05/22",10.04,-7.58,103,"No",0.181614583
"09/05/22",10.04,-7.58,104,"Yes",0.34121875
"09/05/22",10.04,-7.58,105,"No",0.105697917
"09/05/22",10.04,-7.58,106,"No",0.22790625
"09/05/22",10.04,-7.58,201,"No",0.167479167
"09/05/22",10.04,-7.58,202,"Yes",0.216739583
"09/05/22",10.04,-7.58,203,"No",0.219697917
"09/05/22",10.04,-7.58,204,"Yes",0.220625
"09/05/22",10.04,-7.58,205,"Yes",0.219552083
"09/05/22",10.04,-7.58,206,"No",0.174208333
"09/05/22",10.04,-7.58,301,"No",0.359177083
"09/05/22",10.04,-7.58,302,"Yes",0.222208333
"09/05/22",10.04,-7.58,303,"No",0.345791667
"09/05/22",10.04,-7.58,304,"No",0.2260625
"09/05/22",10.04,-7.58,305,"No",0.33796875
"09/05/22",10.04,-7.58,306,"No",0.284354167
"09/05/22",10.04,-7.58,401,"No",0.302770833
"09/05/22",10.04,-7.58,402,"No",0.185333333
"09/05/22",10.04,-7.58,403,"No",0.17825
"09/05/22",10.04,-7.58,404,"No",0.280770833
"09/05/22",10.04,-7.58,405,"Yes",0.280447917
"09/05/22",10.04,-7.58,406,"No",0.164677083
"09/05/22",10.04,-7.58,501,"No",0.244989583
"09/05/22",10.04,-7.58,502,"No",0.3408125
"09/05/22",10.04,-7.58,503,"No",0.338333333
"09/05/22",10.04,-7.58,504,"No",0.173677083
"09/05/22",10.04,-7.58,505,"No",0.35525
"09/05/22",10.04,-7.58,506,"No",0.177770833
"09/06/22",10.04,-7.7,106,"Yes",0.239833333
"09/06/22",10.04,-7.7,201,"Yes",0.169145833
"09/06/22",10.04,-7.7,203,"Yes",0.231354167
"09/06/22",10.04,-7.7,303,"Yes",0.350270833
"09/06/22",10.04,-7.7,305,"Yes",0.351604167
"09/06/22",10.04,-7.7,306,"Yes",0.320302083
"09/06/22",10.04,-7.7,404,"Yes",0.278791667
"09/06/22",10.04,-7.7,502,"Yes",0.351885417
"09/07/22",10.04,-7.82,101,"No",0.153145833
"09/07/22",10.04,-7.82,102,"No",0.28390625
"09/07/22",10.04,-7.82,103,"No",0.169020833
"09/07/22",10.04,-7.82,104,"Yes",0.3460625
"09/07/22",10.04,-7.82,105,"Yes",0.104395833
"09/07/22",10.04,-7.82,106,"No",0.25428125
"09/07/22",10.04,-7.82,201,"No",0.17415625
"09/07/22",10.04,-7.82,202,"Yes",0.231083333
"09/07/22",10.04,-7.82,203,"No",0.2543125
"09/07/22",10.04,-7.82,204,"No",0.225010417
"09/07/22",10.04,-7.82,205,"Yes",0.247322917
"09/07/22",10.04,-7.82,206,"No",0.16371875
"09/07/22",10.04,-7.82,301,"No",0.338645833
"09/07/22",10.04,-7.82,302,"No",0.22521875
"09/07/22",10.04,-7.82,303,"No",0.353989583
"09/07/22",10.04,-7.82,304,"No",0.209927083
"09/07/22",10.04,-7.82,305,"No",0.357645833
"09/07/22",10.04,-7.82,306,"No",0.34009375
"09/07/22",10.04,-7.82,401,"No",0.278604167
"09/07/22",10.04,-7.82,402,"No",0.173114583
"09/07/22",10.04,-7.82,403,"No",0.162322917
"09/07/22",10.04,-7.82,404,"No",0.282072917
"09/07/22",10.04,-7.82,405,"No",0.280791667
"09/07/22",10.04,-7.82,406,"No",0.156208333
"09/07/22",10.04,-7.82,501,"No",0.225770833
"09/07/22",10.04,-7.82,502,"No",0.358260417
"09/07/22",10.04,-7.82,503,"No",0.309364583
"09/07/22",10.04,-7.82,504,"No",0.165208333
"09/07/22",10.04,-7.82,505,"Yes",0.353260417
"09/07/22",10.04,-7.82,506,"No",0.174010417
"09/08/22",10.04,-7.98,102,"Yes",0.2869375
"09/08/22",10.04,-7.98,105,"Yes",0.105770833
"09/08/22",10.04,-7.98,204,"Yes",0.218614583
"09/08/22",10.04,-7.98,206,"Yes",0.159041667
"09/08/22",10.04,-7.98,301,"Yes",0.332083333
"09/08/22",10.04,-7.98,401,"Yes",0.295114583
"09/08/22",10.04,-7.98,403,"Yes",0.155760417
"09/08/22",10.04,-7.98,405,"Yes",0.272885417
"09/09/22",10.13,-7.94,101,"No",0.145833333
"09/09/22",10.13,-7.94,102,"No",0.2896875
"09/09/22",10.13,-7.94,103,"No",0.153895833
"09/09/22",10.13,-7.94,104,"Yes",0.348260417
"09/09/22",10.13,-7.94,105,"No",0.108697917
"09/09/22",10.13,-7.94,106,"Yes",0.2406875
"09/09/22",10.13,-7.94,201,"No",0.164760417
"09/09/22",10.13,-7.94,202,"No",0.230104167
"09/09/22",10.13,-7.94,203,"No",0.226947917
"09/09/22",10.13,-7.94,204,"Yes",0.230447917
"09/09/22",10.13,-7.94,205,"No",0.242979167
"09/09/22",10.13,-7.94,206,"Yes",0.167395833
"09/09/22",10.13,-7.94,301,"Yes",0.3728125
"09/09/22",10.13,-7.94,302,"Yes",0.2120625
"09/09/22",10.13,-7.94,303,"Yes",0.349604167
"09/09/22",10.13,-7.94,304,"No",0.1885
"09/09/22",10.13,-7.94,305,"Yes",0.354072917
"09/09/22",10.13,-7.94,306,"No",0.29265625
"09/09/22",10.13,-7.94,401,"No",0.3125
"09/09/22",10.13,-7.94,402,"No",0.158364583
"09/09/22",10.13,-7.94,403,"Yes",0.172333333
"09/09/22",10.13,-7.94,404,"Yes",0.272135417
"09/09/22",10.13,-7.94,405,"Yes",0.2864375
"09/09/22",10.13,-7.94,406,"No",0.145520833
"09/09/22",10.13,-7.94,501,"No",0.2034375
"09/09/22",10.13,-7.94,502,"Yes",0.3524375
"09/09/22",10.13,-7.94,503,"Yes",0.268020833
"09/09/22",10.13,-7.94,504,"No",0.15171875
"09/09/22",10.13,-7.94,505,"Yes",0.362458333
"09/09/22",10.13,-7.94,506,"No",0.16378125
"09/11/22",10.14,-8.12,104,"Yes",0.35109375
"09/11/22",10.14,-8.12,201,"Yes",0.173291667
"09/12/22",10.14,-8.22,101,"No",0.144239583
"09/12/22",10.14,-8.22,102,"No",0.278510417
"09/12/22",10.14,-8.22,103,"No",0.153979167
"09/12/22",10.14,-8.22,104,"No",0.34353125
"09/12/22",10.14,-8.22,105,"No",0.113677083
"09/12/22",10.14,-8.22,106,"No",0.24275
"09/12/22",10.14,-8.22,201,"No",0.178604167
"09/12/22",10.14,-8.22,202,"No",0.224458333
"09/12/22",10.14,-8.22,203,"Yes",0.224677083
"09/12/22",10.14,-8.22,204,"No",0.244270833
"09/12/22",10.14,-8.22,205,"No",0.22884375
"09/12/22",10.14,-8.22,206,"No",0.200458333
"09/12/22",10.14,-8.22,301,"No",0.3616875
"09/12/22",10.14,-8.22,302,"No",0.234916667
"09/12/22",10.14,-8.22,303,"No",0.338791667
"09/12/22",10.14,-8.22,304,"No",0.20015625
"09/12/22",10.14,-8.22,305,"No",0.337270833
"09/12/22",10.14,-8.22,306,"Yes",0.310239583
"09/12/22",10.14,-8.22,401,"No",0.290208333
"09/12/22",10.14,-8.22,402,"No",0.155697917
"09/12/22",10.14,-8.22,403,"No",0.224875
"09/12/22",10.14,-8.22,404,"Yes",0.289385417
"09/12/22",10.14,-8.22,405,"No",0.287791667
"09/12/22",10.14,-8.22,406,"No",0.143875
"09/12/22",10.14,-8.22,501,"No",0.196885417
"09/12/22",10.14,-8.22,502,"No",0.345145833
"09/12/22",10.14,-8.22,503,"No",0.277135417
"09/12/22",10.14,-8.22,504,"No",0.149177083
"09/12/22",10.14,-8.22,505,"No",0.338947917
"09/12/22",10.14,-8.22,506,"No",0.164020833
"09/13/22",10.14,-8.32,102,"Yes",0.279052083
"09/13/22",10.14,-8.32,104,"Yes",0.346
"09/13/22",10.14,-8.32,202,"Yes",0.220541667
"09/13/22",10.14,-8.32,205,"Yes",0.234020833
"09/13/22",10.14,-8.32,303,"Yes",0.339447917
"09/13/22",10.14,-8.32,305,"Yes",0.34859375
"09/13/22",10.14,-8.32,401,"Yes",0.315947917
"09/13/22",10.14,-8.32,405,"Yes",0.28165625
"09/13/22",10.14,-8.32,502,"Yes",0.3518125
"09/13/22",10.14,-8.32,503,"Yes",0.275739583
"09/13/22",10.14,-8.32,505,"Yes",0.340364583
"09/13/22",10.14,-8.32,506,"Yes",0.163604167
"09/14/22",10.14,-8.42,101,"No",0.140697917
"09/14/22",10.14,-8.42,102,"No",0.2851875
"09/14/22",10.14,-8.42,103,"No",0.148364583
"09/14/22",10.14,-8.42,104,"No",0.347666667
"09/14/22",10.14,-8.42,105,"No",0.10565625
"09/14/22",10.14,-8.42,106,"Yes",0.213302083
"09/14/22",10.14,-8.42,201,"No",0.173958333
"09/14/22",10.14,-8.42,202,"No",0.224510417
"09/14/22",10.14,-8.42,203,"No",0.228270833
"09/14/22",10.14,-8.42,204,"No",0.227479167
"09/14/22",10.14,-8.42,205,"No",0.243177083
"09/14/22",10.14,-8.42,206,"No",0.1738125
"09/14/22",10.14,-8.42,301,"No",0.339041667
"09/14/22",10.14,-8.42,302,"Yes",0.221677083
"09/14/22",10.14,-8.42,303,"No",0.346166667
"09/14/22",10.14,-8.42,304,"No",0.180854167
"09/14/22",10.14,-8.42,305,"No",0.35909375
"09/14/22",10.14,-8.42,306,"No",0.303770833
"09/14/22",10.14,-8.42,401,"No",0.343020833
"09/14/22",10.14,-8.42,402,"No",0.150729167
"09/14/22",10.14,-8.42,403,"No",0.189572917
"09/14/22",10.14,-8.42,404,"No",0.286364583
"09/14/22",10.14,-8.42,405,"No",0.284572917
"09/14/22",10.14,-8.42,406,"No",0.139479167
"09/14/22",10.14,-8.42,501,"No",0.185041667
"09/14/22",10.14,-8.42,502,"No",0.362302083
"09/14/22",10.14,-8.42,503,"No",0.297989583
"09/14/22",10.14,-8.42,504,"No",0.144260417
"09/14/22",10.14,-8.42,505,"No",0.341552083
"09/14/22",10.14,-8.42,506,"No",0.1664375
"09/15/22",10.14,-8.57,104,"Yes",0.345427083
"09/15/22",10.14,-8.57,105,"Yes",0.104541667
"09/15/22",10.14,-8.57,106,"Yes",0.2491875
"09/15/22",10.14,-8.57,204,"Yes",0.23709375
"09/15/22",10.14,-8.57,301,"Yes",0.353947917
"09/15/22",10.14,-8.57,405,"Yes",0.284458333
"09/15/22",10.14,-8.57,505,"Yes",0.35275
"09/16/22",10.17,-8.62,101,"No",0.139125
"09/16/22",10.17,-8.62,102,"Yes",0.282885417
"09/16/22",10.17,-8.62,103,"No",0.142333333
"09/16/22",10.17,-8.62,104,"No",0.350354167
"09/16/22",10.17,-8.62,105,"No",0.107447917
"09/16/22",10.17,-8.62,106,"No",0.290864583
"09/16/22",10.17,-8.62,201,"Yes",0.16846875
"09/16/22",10.17,-8.62,202,"Yes",0.221145833
"09/16/22",10.17,-8.62,203,"Yes",0.2269375
"09/16/22",10.17,-8.62,204,"No",0.252364583
"09/16/22",10.17,-8.62,205,"No",0.2254375
"09/16/22",10.17,-8.62,206,"Yes",0.162791667
"09/16/22",10.17,-8.62,301,"No",0.377989583
"09/16/22",10.17,-8.62,302,"Yes",0.229166667
"09/16/22",10.17,-8.62,303,"Yes",0.341708333
"09/16/22",10.17,-8.62,304,"No",0.180770833
"09/16/22",10.17,-8.62,305,"Yes",0.350052083
"09/16/22",10.17,-8.62,306,"Yes",0.316489583
"09/16/22",10.17,-8.62,401,"No",0.305229167
"09/16/22",10.17,-8.62,402,"No",0.1465
"09/16/22",10.17,-8.62,403,"Yes",0.167052083
"09/16/22",10.17,-8.62,404,"Yes",0.2835
"09/16/22",10.17,-8.62,405,"No",0.295375
"09/16/22",10.17,-8.62,406,"No",0.136864583
"09/16/22",10.17,-8.62,501,"No",0.178979167
"09/16/22",10.17,-8.62,502,"Yes",0.361708333
"09/16/22",10.17,-8.62,503,"Yes",0.305364583
"09/16/22",10.17,-8.62,504,"No",0.14109375
"09/16/22",10.17,-8.62,505,"No",0.364895833
"09/16/22",10.17,-8.62,506,"No",0.163833333
"09/18/22",10.18,-8.77,104,"Yes",0.349177083
"09/18/22",10.18,-8.77,205,"Yes",0.23371875
"09/19/22",10.18,-8.87,101,"No",0.137041667
"09/19/22",10.18,-8.87,102,"No",0.282770833
"09/19/22",10.18,-8.87,103,"No",0.140166667
"09/19/22",10.18,-8.87,104,"No",0.348729167
"09/19/22",10.18,-8.87,105,"No",0.10725
"09/19/22",10.18,-8.87,106,"No",0.260583333
"09/19/22",10.18,-8.87,201,"No",0.177166667
"09/19/22",10.18,-8.87,202,"No",0.230927083
"09/19/22",10.18,-8.87,203,"No",0.2486875
"09/19/22",10.18,-8.87,204,"No",0.234729167
"09/19/22",10.18,-8.87,205,"No",0.243489583
"09/19/22",10.18,-8.87,206,"No",0.180177083
"09/19/22",10.18,-8.87,301,"No",0.351510417
"09/19/22",10.18,-8.87,302,"No",0.253114583
"09/19/22",10.18,-8.87,303,"No",0.340479167
"09/19/22",10.18,-8.87,304,"No",0.181416667
"09/19/22",10.18,-8.87,305,"No",0.342135417
"09/19/22",10.18,-8.87,306,"No",0.321739583
"09/19/22",10.18,-8.87,401,"No",0.279395833
"09/19/22",10.18,-8.87,402,"No",0.144645833
"09/19/22",10.18,-8.87,403,"No",0.197520833
"09/19/22",10.18,-8.87,404,"No",0.290958333
"09/19/22",10.18,-8.87,405,"No",0.280885417
"09/19/22",10.18,-8.87,406,"No",0.135635417
"09/19/22",10.18,-8.87,501,"No",0.173520833
"09/19/22",10.18,-8.87,502,"No",0.359802083
"09/19/22",10.18,-8.87,503,"No",0.315260417
"09/19/22",10.18,-8.87,504,"No",0.138791667
"09/19/22",10.18,-8.87,505,"No",0.3369375
"09/19/22",10.18,-8.87,506,"Yes",0.163875
"09/20/22",10.29,-8.87,102,"Yes",0.27671875
"09/20/22",10.29,-8.87,104,"Yes",0.336302083
"09/20/22",10.29,-8.87,303,"Yes",0.33515625
"09/20/22",10.29,-8.87,305,"Yes",0.337895833
"09/20/22",10.29,-8.87,401,"Yes",0.27678125
"09/20/22",10.29,-8.87,405,"Yes",0.269708333
"09/20/22",10.29,-8.87,505,"Yes",0.3313125
"09/21/22",10.3,-8.95,101,"No",0.136666667
"09/21/22",10.3,-8.95,102,"No",0.282541667
"09/21/22",10.3,-8.95,103,"No",0.137635417
"09/21/22",10.3,-8.95,104,"No",0.353208333
"09/21/22",10.3,-8.95,105,"Yes",0.1061875
"09/21/22",10.3,-8.95,106,"No",0.226895833
"09/21/22",10.3,-8.95,201,"No",0.168625
"09/21/22",10.3,-8.95,202,"No",0.221177083
"09/21/22",10.3,-8.95,203,"No",0.225
"09/21/22",10.3,-8.95,204,"Yes",0.236
"09/21/22",10.3,-8.95,205,"No",0.236916667
"09/21/22",10.3,-8.95,206,"No",0.166760417
"09/21/22",10.3,-8.95,301,"Yes",0.355885417
"09/21/22",10.3,-8.95,302,"No",0.233802083
"09/21/22",10.3,-8.95,303,"No",0.349177083
"09/21/22",10.3,-8.95,304,"No",0.180114583
"09/21/22",10.3,-8.95,305,"No",0.36196875
"09/21/22",10.3,-8.95,306,"No",0.293
"09/21/22",10.3,-8.95,401,"No",0.333354167
"09/21/22",10.3,-8.95,402,"No",0.14253125
"09/21/22",10.3,-8.95,403,"No",0.170364583
"09/21/22",10.3,-8.95,404,"No",0.283052083
"09/21/22",10.3,-8.95,405,"Yes",0.277927083
"09/21/22",10.3,-8.95,406,"No",0.134229167
"09/21/22",10.3,-8.95,501,"No",0.16828125
"09/21/22",10.3,-8.95,502,"No",0.343229167
"09/21/22",10.3,-8.95,503,"No",0.282697917
"09/21/22",10.3,-8.95,504,"No",0.139010417
"09/21/22",10.3,-8.95,505,"No",0.342385417
"09/21/22",10.3,-8.95,506,"No",0.168270833
"09/22/22",10.31,-9.01,102,"Yes",0.2888125
"09/22/22",10.31,-9.01,104,"Yes",0.352145833
"09/22/22",10.31,-9.01,106,"Yes",0.236875
"09/22/22",10.31,-9.01,202,"Yes",0.222520833
"09/22/22",10.31,-9.01,203,"Yes",0.246666667
"09/22/22",10.31,-9.01,206,"Yes",0.16728125
"09/22/22",10.31,-9.01,502,"Yes",0.358770833
"09/22/22",10.31,-9.01,503,"Yes",0.307708333
"09/22/22",10.31,-9.01,505,"Yes",0.337875
"09/23/22",10.39,-8.98,101,"No",0.131572917
"09/23/22",10.39,-8.98,102,"No",0.294416667
"09/23/22",10.39,-8.98,103,"No",0.135270833
"09/23/22",10.39,-8.98,104,"No",0.355645833
"09/23/22",10.39,-8.98,105,"No",0.111885417
"09/23/22",10.39,-8.98,106,"No",0.258708333
"09/23/22",10.39,-8.98,201,"Yes",0.1626875
"09/23/22",10.39,-8.98,202,"No",0.22846875
"09/23/22",10.39,-8.98,203,"No",0.27321875
"09/23/22",10.39,-8.98,204,"No",0.242229167
"09/23/22",10.39,-8.98,205,"Yes",0.230052083
"09/23/22",10.39,-8.98,206,"No",0.177072917
"09/23/22",10.39,-8.98,301,"No",0.35996875
"09/23/22",10.39,-8.98,302,"No",0.22575
"09/23/22",10.39,-8.98,303,"Yes",0.340427083
"09/23/22",10.39,-8.98,304,"No",0.181927083
"09/23/22",10.39,-8.98,305,"Yes",0.35328125
"09/23/22",10.39,-8.98,306,"Yes",0.304895833
"09/23/22",10.39,-8.98,401,"No",0.2995
"09/23/22",10.39,-8.98,402,"No",0.13984375
"09/23/22",10.39,-8.98,403,"Yes",0.160083333
"09/23/22",10.39,-8.98,404,"Yes",0.292697917
"09/23/22",10.39,-8.98,405,"No",0.284875
"09/23/22",10.39,-8.98,406,"No",0.131864583
"09/23/22",10.39,-8.98,501,"No",0.164
"09/23/22",10.39,-8.98,502,"No",0.372875
"09/23/22",10.39,-8.98,503,"No",0.3368125
"09/23/22",10.39,-8.98,504,"No",0.1350625
"09/23/22",10.39,-8.98,505,"No",0.344645833
"09/23/22",10.39,-8.98,506,"No",0.164479167
"09/26/22",10.41,-9.19,101,"No",0.132989583
"09/26/22",10.41,-9.19,102,"No",0.288010417
"09/26/22",10.41,-9.19,103,"No",0.136375
"09/26/22",10.41,-9.19,104,"Yes",0.342645833
"09/26/22",10.41,-9.19,105,"No",0.112802083
"09/26/22",10.41,-9.19,106,"No",0.246833333
"09/26/22",10.41,-9.19,201,"No",0.176989583
"09/26/22",10.41,-9.19,202,"No",0.2336875
"09/26/22",10.41,-9.19,203,"No",0.265291667
"09/26/22",10.41,-9.19,204,"No",0.233114583
"09/26/22",10.41,-9.19,205,"No",0.2435625
"09/26/22",10.41,-9.19,206,"No",0.191375
"09/26/22",10.41,-9.19,301,"No",0.34409375
"09/26/22",10.41,-9.19,302,"Yes",0.222083333
"09/26/22",10.41,-9.19,303,"No",0.340177083
"09/26/22",10.41,-9.19,304,"No",0.182270833
"09/26/22",10.41,-9.19,305,"No",0.33990625
"09/26/22",10.41,-9.19,306,"No",0.313770833
"09/26/22",10.41,-9.19,401,"No",0.281166667
"09/26/22",10.41,-9.19,402,"No",0.138989583
"09/26/22",10.41,-9.19,403,"No",0.197958333
"09/26/22",10.41,-9.19,404,"No",0.303385417
"09/26/22",10.41,-9.19,405,"No",0.277416667
"09/26/22",10.41,-9.19,406,"No",0.131541667
"09/26/22",10.41,-9.19,501,"Yes",0.174958333
"09/26/22",10.41,-9.19,502,"No",0.355572917
"09/26/22",10.41,-9.19,503,"No",0.30675
"09/26/22",10.41,-9.19,504,"No",0.133625
"09/26/22",10.41,-9.19,505,"Yes",0.344395833
"09/26/22",10.41,-9.19,506,"No",0.162958333
"09/27/22",10.41,-9.26,102,"Yes",0.29178125
"09/27/22",10.41,-9.26,301,"Yes",0.361083333
"09/27/22",10.41,-9.26,303,"Yes",0.344291667
"09/27/22",10.41,-9.26,305,"Yes",0.351802083
"09/27/22",10.41,-9.26,401,"Yes",0.313645833
"09/27/22",10.41,-9.26,405,"Yes",0.269458333
"09/27/22",10.41,-9.26,506,"Yes",0.16053125
"09/28/22",10.41,-9.33,101,"No",0.127604167
"09/28/22",10.41,-9.33,102,"No",0.296010417
"09/28/22",10.41,-9.33,103,"No",0.131708333
"09/28/22",10.41,-9.33,104,"Yes",0.34646875
"09/28/22",10.41,-9.33,105,"No",0.105625
"09/28/22",10.41,-9.33,106,"Yes",0.231854167
"09/28/22",10.41,-9.33,201,"No",0.16559375
"09/28/22",10.41,-9.33,202,"Yes",0.222447917
"09/28/22",10.41,-9.33,203,"No",0.2344375
"09/28/22",10.41,-9.33,204,"Yes",0.223604167
"09/28/22",10.41,-9.33,205,"Yes",0.24253125
"09/28/22",10.41,-9.33,206,"No",0.174760417
"09/28/22",10.41,-9.33,301,"No",0.372625
"09/28/22",10.41,-9.33,302,"No",0.229104167
"09/28/22",10.41,-9.33,303,"No",0.3480625
"09/28/22",10.41,-9.33,304,"No",0.169708333
"09/28/22",10.41,-9.33,305,"No",0.357989583
"09/28/22",10.41,-9.33,306,"No",0.280427083
"09/28/22",10.41,-9.33,401,"No",0.338052083
"09/28/22",10.41,-9.33,402,"No",0.134208333
"09/28/22",10.41,-9.33,403,"No",0.172135417
"09/28/22",10.41,-9.33,404,"Yes",0.2829375
"09/28/22",10.41,-9.33,405,"Yes",0.278239583
"09/28/22",10.41,-9.33,406,"No",0.12696875
"09/28/22",10.41,-9.33,501,"No",0.18184375
"09/28/22",10.41,-9.33,502,"Yes",0.34525
"09/28/22",10.41,-9.33,503,"No",0.270197917
"09/28/22",10.41,-9.33,504,"Yes",0.130770833
"09/28/22",10.41,-9.33,505,"No",0.340145833
"09/28/22",10.41,-9.33,506,"Yes",0.163354167
"09/29/22",10.41,-9.45,306,"Yes",0.308239583
"09/29/22",10.41,-9.45,403,"Yes",0.165072917
"09/29/22",10.41,-9.45,503,"Yes",0.265510417
"09/29/22",10.41,-9.45,505,"Yes",0.343583333
"09/30/22",10.41,-9.54,105,"No",0.107552083
"09/30/22",10.41,-9.54,106,"No",0.2384375
"09/30/22",10.41,-9.54,201,"No",0.172489583
"09/30/22",10.41,-9.54,202,"No",0.221697917
"09/30/22",10.41,-9.54,203,"Yes",0.217364583
"09/30/22",10.41,-9.54,204,"Yes",0.231010417
"09/30/22",10.41,-9.54,205,"No",0.2416875
"09/30/22",10.41,-9.54,206,"Yes",0.1593125
"09/30/22",10.41,-9.54,301,"No",0.3464375
"09/30/22",10.41,-9.54,304,"Yes",0.17621875
"09/30/22",10.41,-9.54,305,"Yes",0.352208333
"09/30/22",10.41,-9.54,306,"Yes",0.353083333
"09/30/22",10.41,-9.54,401,"No",0.303322917
"09/30/22",10.41,-9.54,402,"No",0.132885417
"09/30/22",10.41,-9.54,403,"No",0.173364583
"09/30/22",10.41,-9.54,404,"No",0.28321875
"09/30/22",10.41,-9.54,405,"No",0.279947917
"09/30/22",10.41,-9.54,406,"No",0.125916667
"09/30/22",10.41,-9.54,501,"No",0.17359375
"09/30/22",10.41,-9.54,502,"No",0.341729167
"09/30/22",10.41,-9.54,503,"Yes",0.315760417
"09/30/22",10.41,-9.54,504,"No",0.134572917
"09/30/22",10.41,-9.54,505,"No",0.347604167
"09/30/22",10.41,-9.54,506,"No",0.168447917
